drug_name_normalized,drug_name,review_count,average_rating,eligible,adjusted_score,rank,condition,condition_average_rating,eligible_drugs
sotret,sotret,6,8.833333333333334,True,8.081369248035914,1,acne,7.179012345679013,16
accutane,accutane,22,8.227272727272727,True,8.033150434385002,2,acne,7.179012345679013,16
spironolactone,spironolactone,9,8.333333333333334,True,7.921075837742505,3,acne,7.179012345679013,16
renova,renova,6,8.0,True,7.62682379349046,4,acne,7.179012345679013,16
avita,avita,6,7.666666666666667,True,7.445005611672278,5,acne,7.179012345679013,16
triaz,triaz,3,7.666666666666667,True,7.361882716049383,6,acne,7.179012345679013,16
differin,differin,21,7.285714285714286,True,7.265194681861349,7,acne,7.179012345679013,16
retin-a,retin-a,11,7.2727272727272725,True,7.2434413580246915,8,acne,7.179012345679013,16
retin-a-micro,retin-a-micro,10,6.9,True,6.993004115226338,9,acne,7.179012345679013,16
duac,duac,3,6.666666666666667,True,6.986882716049383,10,acne,7.179012345679013,16
doxycycline,doxycycline,11,6.7272727272727275,True,6.8684413580246915,11,acne,7.179012345679013,16
tazorac,tazorac,3,6.333333333333333,True,6.861882716049383,12,acne,7.179012345679013,16
doryx,doryx,7,6.285714285714286,True,6.657921810699588,13,acne,7.179012345679013,16
tetracycline,tetracycline,4,5.75,True,6.543895747599452,14,acne,7.179012345679013,16
minocycline,minocycline,13,5.384615384615385,True,5.883058984910837,15,acne,7.179012345679013,16
solodyn,solodyn,3,3.3333333333333335,True,5.736882716049383,16,acne,7.179012345679013,16
