task,model,macro_f1_mean,macro_f1_std,accuracy_mean,accuracy_std,mean_fit_seconds
sentiment,Logistic Regression,0.525132657455609,0.01935486212716442,0.7336601307189543,0.014832425775046036,1.2043400287628174
sentiment,Linear SVM,0.5006672933039555,0.010387466768819536,0.753921568627451,0.010365197076571039,1.0531532287597656
sentiment,Naive Bayes,0.2714709171000398,0.00018749330524018984,0.6869281045751634,0.0008004868440467874,0.9656283855438232
sentiment,Dummy,0.2714709171000398,0.00018749330524018984,0.6869281045751634,0.0008004868440467874,0.90666184425354
effectiveness,Logistic Regression,0.4044424271633537,0.026061698068011153,0.4841473850860584,0.023933580003888264,1.255802869796753
effectiveness,Linear SVM,0.3865565029530447,0.02421638137897487,0.48741696351208236,0.020405316949856752,0.9647957801818847
effectiveness,Naive Bayes,0.12189733086551542,0.0017285042348042425,0.42922456489415184,0.0014576480329719528,0.7247851371765137
effectiveness,Dummy,0.11999995818022569,0.0001260787380095043,0.428571504979515,0.0006435407473094982,0.6940910816192627
severity,Logistic Regression,0.46178894895180794,0.02350782854610651,0.5271178092259501,0.02345012851349783,1.2867194175720216
severity,Linear SVM,0.43779746530283603,0.021734075038241606,0.518956949697251,0.0164067543219378,0.9352393627166748
severity,Naive Bayes,0.24113307382583993,0.00835672956546873,0.4709043259498865,0.014599561964195552,0.6587431907653809
severity,Dummy,0.09859633020991922,9.942182668068582e-05,0.32712399890418087,0.0004378938669692664,0.6801012516021728
